{"status": "ok", "summaries": [{"target_wait_ms": 0.0, "control": {"target_queue_ms": 0.0, "enabled": true, "kp": 0.15, "ki": 0.02}, "offered_rate_qps": 30.0, "requests_measured": 763, "requests_ok": 763, "error_rate": 0.0, "ttft_mean_ms": 32.30852617037994, "ttft_p95_ms": 43.327318000024206, "total_mean_ms": 353.5071203040626, "total_p95_ms": 398.5418250000521, "vllm_queue_wait_mean_ms": 0.012072994985128106, "vllm_ttft_mean_ms": 22.65984459650313, "vllm_e2e_mean_ms": 342.461514975147, "gpu_power_mean_w": 68.658, "gpu_power_peak_w": 73.639, "energy_j": 2302.980115375594, "energy_per_request_j": 3.0183225627465187}, {"target_wait_ms": 100.0, "control": {"target_queue_ms": 100.0, "enabled": true, "kp": 0.15, "ki": 0.02}, "offered_rate_qps": 30.0, "requests_measured": 724, "requests_ok": 724, "error_rate": 0.0, "ttft_mean_ms": 36.3562583342564, "ttft_p95_ms": 54.45811999993566, "total_mean_ms": 357.5768031464109, "total_p95_ms": 439.56822400002693, "vllm_queue_wait_mean_ms": 0.02562763951193097, "vllm_ttft_mean_ms": 23.318235597396818, "vllm_e2e_mean_ms": 344.61788198855646, "gpu_power_mean_w": 69.01218181818182, "gpu_power_peak_w": 72.915, "energy_j": 2243.269164957712, "energy_per_request_j": 3.098438073146011}]}