{
  "params": {
    "model": "mlx-community/Qwen3-0.6B-4bit",
    "alpha": 143.89094148417954,
    "gamma": -5.2465253627599555,
    "beta": 297.90484003313975,
    "B0": 3,
    "q0": 0,
    "B_min": 1,
    "B_max": 8,
    "q_max": 8,
    "lambda_mean": 3,
    "L_target": 800.0,
    "dt": 1.0,
    "l_gen": 700.0,
    "inner": {
      "K_q": -0.6769380297135772,
      "K_i": 0.11153623822065545,
      "xi_min": -44.828479781686305,
      "xi_max": 17.93139191267452,
      "poles_cl": [
        0.606530659712633,
        0.7165313105737898
      ],
      "B0": 3,
      "q0": 0,
      "B_min": 1,
      "B_max": 8
    },
    "outer": {
      "K_il": -0.0001637119272512008,
      "z_cl": 0.951229424500714,
      "tau_out": 20.0,
      "L_target": 800.0,
      "q0": 0,
      "q_max": 8,
      "xi_min": -48866.32351303727,
      "xi_max": -0.0
    },
    "spike_on": 30,
    "spike_off": 60
  },
  "log": {
    "tick": [
      1,
      2,
      3,
      4,
      5,
      6,
      7,
      8,
      9,
      10,
      11,
      12,
      13,
      14,
      15,
      16,
      17,
      18,
      19,
      20,
      21,
      22,
      23,
      24,
      25,
      26,
      27,
      28,
      29,
      30,
      31,
      32,
      33,
      34,
      35,
      36,
      37,
      38,
      39,
      40,
      41,
      42,
      43,
      44,
      45,
      46,
      47,
      48,
      49,
      50,
      51,
      52,
      53,
      54,
      55,
      56,
      57,
      58,
      59,
      60,
      61,
      62,
      63,
      64,
      65,
      66,
      67,
      68,
      69,
      70,
      71,
      72,
      73,
      74,
      75,
      76,
      77,
      78,
      79,
      80,
      81,
      82,
      83,
      84,
      85,
      86,
      87,
      88,
      89,
      90
    ],
    "lambda": [
      3.0,
      3.0,
      3.0,
      3.0,
      3.0,
      3.0,
      3.0,
      3.0,
      3.0,
      3.0,
      3.0,
      3.0,
      3.0,
      3.0,
      3.0,
      3.0,
      3.0,
      3.0,
      3.0,
      3.0,
      3.0,
      3.0,
      3.0,
      3.0,
      3.0,
      3.0,
      3.0,
      3.0,
      3.0,
      3.0,
      6.0,
      6.0,
      6.0,
      6.0,
      6.0,
      6.0,
      6.0,
      6.0,
      6.0,
      6.0,
      6.0,
      6.0,
      6.0,
      6.0,
      6.0,
      6.0,
      6.0,
      6.0,
      6.0,
      6.0,
      6.0,
      6.0,
      6.0,
      6.0,
      6.0,
      6.0,
      6.0,
      6.0,
      6.0,
      6.0,
      3.0,
      3.0,
      3.0,
      3.0,
      3.0,
      3.0,
      3.0,
      3.0,
      3.0,
      3.0,
      3.0,
      3.0,
      3.0,
      3.0,
      3.0,
      3.0,
      3.0,
      3.0,
      3.0,
      3.0,
      3.0,
      3.0,
      3.0,
      3.0,
      3.0,
      3.0,
      3.0,
      3.0,
      3.0,
      3.0
    ],
    "B": [
      3,
      3,
      3,
      3,
      3,
      3,
      3,
      3,
      3,
      3,
      3,
      3,
      3,
      3,
      3,
      3,
      3,
      3,
      3,
      3,
      3,
      3,
      3,
      3,
      3,
      3,
      3,
      3,
      3,
      3,
      3,
      3,
      3,
      3,
      3,
      3,
      3,
      3,
      3,
      3,
      3,
      3,
      3,
      3,
      3,
      3,
      3,
      3,
      3,
      3,
      3,
      3,
      3,
      3,
      3,
      3,
      3,
      3,
      3,
      3,
      3,
      3,
      3,
      3,
      3,
      3,
      3,
      3,
      3,
      3,
      3,
      3,
      3,
      3,
      3,
      3,
      3,
      3,
      3,
      3,
      3,
      3,
      3,
      3,
      3,
      3,
      3,
      3,
      3,
      3
    ],
    "q_ref": [
      0.0,
      0.0,
      0.0,
      0.0,
      0.0,
      0.0,
      0.0,
      0.0,
      0.0,
      0.0,
      0.0,
      0.0,
      0.0,
      0.0,
      0.0,
      0.0,
      0.0,
      0.0,
      0.0,
      0.0,
      0.0,
      0.0,
      0.0,
      0.0,
      0.0,
      0.0,
      0.0,
      0.0,
      0.0,
      0.0,
      0.0,
      0.0,
      0.0,
      0.0,
      0.0,
      0.0,
      0.0,
      0.0,
      0.0,
      0.0,
      0.0,
      0.0,
      0.0,
      0.0,
      0.0,
      0.0,
      0.0,
      0.0,
      0.0,
      0.0,
      0.0,
      0.0,
      0.0,
      0.0,
      0.0,
      0.0,
      0.0,
      0.0,
      0.0,
      0.0,
      0.0,
      0.0,
      0.0,
      0.0,
      0.0,
      0.0,
      0.0,
      0.0,
      0.0,
      0.0,
      0.0,
      0.0,
      0.0,
      0.0,
      0.0,
      0.0,
      0.0,
      0.0,
      0.0,
      0.0,
      0.0,
      0.0,
      0.0,
      0.0,
      0.0,
      0.0,
      0.0,
      0.0,
      0.0,
      0.0
    ],
    "q": [
      0,
      0,
      0,
      0,
      0,
      0,
      0,
      0,
      0,
      0,
      0,
      0,
      0,
      0,
      0,
      0,
      0,
      0,
      0,
      0,
      0,
      0,
      0,
      0,
      0,
      0,
      0,
      0,
      0,
      0,
      0,
      0,
      0,
      0,
      0,
      0,
      0,
      0,
      0,
      0,
      0,
      0,
      0,
      0,
      0,
      0,
      0,
      0,
      0,
      0,
      0,
      0,
      0,
      0,
      0,
      0,
      0,
      0,
      0,
      0,
      0,
      0,
      0,
      0,
      0,
      0,
      0,
      0,
      0,
      0,
      0,
      0,
      0,
      0,
      0,
      0,
      0,
      0,
      0,
      0,
      0,
      0,
      0,
      0,
      0,
      0,
      0,
      0,
      0,
      0
    ],
    "l_meas": [
      800.0,
      330.34594853719074,
      161.22897466023764,
      261.8709405263265,
      253.8727919260661,
      236.87267303466797,
      202.75259017944336,
      251.82700157165527,
      1153.202772140503,
      800.0,
      465.46320120493573,
      307.8807195027669,
      280.9589703877767,
      191.56559308369955,
      371.51368459065753,
      436.7837111155192,
      245.805025100708,
      222.44628270467123,
      188.51065635681152,
      342.4169222513835,
      302.70226796468097,
      142.48077074686685,
      332.3407967885335,
      179.64577674865723,
      342.1146869659424,
      278.0179977416992,
      174.589474995931,
      359.02873675028485,
      213.72008323669434,
      257.9415639241536,
      277.20053990681964,
      300.30401547749835,
      332.413117090861,
      292.28607813517254,
      247.06061681111655,
      316.38725598653156,
      261.771281560262,
      188.96333376566568,
      326.7703056335449,
      180.34259478251138,
      395.7284291585286,
      328.3335367838542,
      193.25828552246094,
      280.87639808654785,
      266.6309674580892,
      176.52010917663574,
      283.07628631591797,
      129.62802251180014,
      283.2825978597005,
      299.1049289703369,
      136.52896881103516,
      356.66831334431964,
      284.24954414367676,
      147.71771430969238,
      300.26618639628094,
      187.33986218770346,
      361.461083094279,
      261.5068753560384,
      255.63136736551922,
      293.66564750671387,
      256.34487469991046,
      117.96243985493977,
      283.42119852701825,
      207.11565017700195,
      292.6875750223796,
      224.65435663859049,
      169.6604092915853,
      282.43311246236163,
      349.0784962972005,
      226.20105743408203,
      219.66814994812012,
      263.3785406748454,
      295.20169893900555,
      256.5630276997884,
      152.8486410776774,
      326.51424407958984,
      374.5242754618327,
      256.72205289204913,
      247.3163604736328,
      218.23954582214355,
      287.3750527699788,
      296.1283524831136,
      266.2162780761719,
      419.1891352335612,
      275.10960896809894,
      643.0283387502035,
      800.0,
      551.2770016988119,
      331.6207726796468,
      176.93233489990234
    ],