{
  "params": {
    "model": "mlx-community/Qwen3-0.6B-4bit",
    "alpha": 143.89094148417954,
    "gamma": -5.2465253627599555,
    "beta": 297.90484003313975,
    "B0": 3,
    "q0": 0,
    "B_min": 1,
    "B_max": 8,
    "q_max": 8,
    "lambda_mean": 3,
    "L_target": 800.0,
    "dt": 1.0,
    "l_gen": 700.0,
    "inner": {
      "K_q": -0.6769380297135772,
      "K_i": 0.11153623822065545,
      "xi_min": -44.828479781686305,
      "xi_max": 17.93139191267452,
      "poles_cl": [
        0.606530659712633,
        0.7165313105737898
      ],
      "B0": 3,
      "q0": 0,
      "B_min": 1,
      "B_max": 8
    },
    "outer": {
      "K_il": -0.0001637119272512008,
      "z_cl": 0.951229424500714,
      "tau_out": 20.0,
      "L_target": 300.0,
      "q0": 0,
      "q_max": 8,
      "xi_min": -48866.32351303727,
      "xi_max": -0.0
    },
    "spike_on": 30,
    "spike_off": 60
  },
  "log": {
    "tick": [
      1,
      2,
      3,
      4,
      5,
      6,
      7,
      8,
      9,
      10,
      11,
      12,
      13,
      14,
      15,
      16,
      17,
      18,
      19,
      20,
      21,
      22,
      23,
      24,
      25,
      26,
      27,
      28,
      29,
      30,
      31,
      32,
      33,
      34,
      35,
      36,
      37,
      38,
      39,
      40,
      41,
      42,
      43,
      44,
      45,
      46,
      47,
      48,
      49,
      50,
      51,
      52,
      53,
      54,
      55,
      56,
      57,
      58,
      59,
      60,
      61,
      62,
      63,
      64,
      65,
      66,
      67,
      68,
      69,
      70,
      71,
      72,
      73,
      74,
      75,
      76,
      77,
      78,
      79,
      80,
      81,
      82,
      83,
      84,
      85,
      86,
      87,
      88,
      89,
      90
    ],
    "lambda": [
      3.0,
      3.0,
      3.0,
      3.0,
      3.0,
      3.0,
      3.0,
      3.0,
      3.0,
      3.0,
      3.0,
      3.0,
      3.0,
      3.0,
      3.0,
      3.0,
      3.0,
      3.0,
      3.0,
      3.0,
      3.0,
      3.0,
      3.0,
      3.0,
      3.0,
      3.0,
      3.0,
      3.0,
      3.0,
      3.0,
      6.0,
      6.0,
      6.0,
      6.0,
      6.0,
      6.0,
      6.0,
      6.0,
      6.0,
      6.0,
      6.0,
      6.0,
      6.0,
      6.0,
      6.0,
      6.0,
      6.0,
      6.0,
      6.0,
      6.0,
      6.0,
      6.0,
      6.0,
      6.0,
      6.0,
      6.0,
      6.0,
      6.0,
      6.0,
      6.0,
      3.0,
      3.0,
      3.0,
      3.0,
      3.0,
      3.0,
      3.0,
      3.0,
      3.0,
      3.0,
      3.0,
      3.0,
      3.0,
      3.0,
      3.0,
      3.0,
      3.0,
      3.0,
      3.0,
      3.0,
      3.0,
      3.0,
      3.0,
      3.0,
      3.0,
      3.0,
      3.0,
      3.0,
      3.0,
      3.0
    ],
    "B": [
      3,
      3,
      3,
      3,
      3,
      3,
      3,
      3,
      3,
      3,
      3,
      3,
      3,
      3,
      3,
      3,
      3,
      3,
      3,
      3,
      3,
      3,
      3,
      3,
      3,
      3,
      3,
      3,
      3,
      3,
      3,
      3,
      3,
      3,
      3,
      3,
      3,
      3,
      3,
      3,
      3,
      3,
      3,
      3,
      3,
      3,
      3,
      3,
      3,
      3,
      3,
      3,
      3,
      3,
      3,
      3,
      3,
      3,
      3,
      3,
      3,
      3,
      3,
      3,
      3,
      3,
      3,
      3,
      3,
      3,
      3,
      3,
      3,
      3,
      3,
      3,
      3,
      3,
      3,
      3,
      3,
      3,
      3,
      3,
      3,
      3,
      3,
      3,
      3,
      3
    ],
    "q_ref": [
      0.0,
      0.0,
      0.0,
      0.0,
      0.0,
      0.0,
      0.0,
      0.0,
      0.0,
      0.0,
      0.0,
      0.0,
      0.0,
      0.0,
      0.0,
      0.0,
      0.0,
      0.0,
      0.0,
      0.0,
      0.0,
      0.0,
      0.0,
      0.0,
      0.0,
      0.0,
      0.0,
      0.0,
      0.0,
      0.0,
      0.0,
      0.0,
      0.0,
      0.0,
      0.0,
      0.0,
      0.0,
      0.0,
      0.0,
      0.0,
      0.0,
      0.0,
      0.0,
      0.0,
      0.0,
      0.0,
      0.0,
      0.0,
      0.0,
      0.0,
      0.0,
      0.0,
      0.0,
      0.0,
      0.0,
      0.0,
      0.0,
      0.0,
      0.0,
      0.0,
      0.0,
      0.0,
      0.0,
      0.0,
      0.0,
      0.0,
      0.0,
      0.0,
      0.0,
      0.0,
      0.0,
      0.0,
      0.0,
      0.0,
      0.0,
      0.0,
      0.0,
      0.0,
      0.0,
      0.0,
      0.0,
      0.0,
      0.0,
      0.0,
      0.0,
      0.0,
      0.0,
      0.0,
      0.0,
      0.0
    ],
    "q": [
      0,
      0,
      0,
      0,
      0,
      0,
      0,
      0,
      0,
      0,
      0,
      0,
      0,
      0,
      0,
      0,
      0,
      0,
      0,
      0,
      0,
      0,
      0,
      0,
      0,
      0,
      0,
      0,
      0,
      0,
      0,
      0,
      0,
      0,
      0,
      0,
      0,
      0,
      0,
      0,
      0,
      0,
      0,
      0,
      0,
      0,
      0,
      0,
      0,
      0,
      0,
      0,
      0,
      0,
      0,
      0,
      0,
      0,
      0,
      0,
      0,
      0,
      0,
      0,
      0,
      0,
      0,
      0,
      0,
      0,
      0,
      0,
      0,
      0,
      0,
      0,
      0,
      0,
      0,
      0,
      0,
      0,
      0,
      0,
      0,
      0,
      0,
      0,
      0,
      0
    ],
    "l_meas": [
      300.0,
      234.34766133626303,
      66.69680277506511,
      98.34535916646321,
      105.50284385681152,
      72.23908106486003,
      100.77341397603352,
      75.36983489990234,
      114.5494778951009,
      101.03034973144531,
      62.52471605936687,
      95.27730941772461,
      95.40836016337077,
      69.16522979736328,
      99.15415445963542,
      79.59572474161784,
      125.42462348937988,
      99.44566090901692,
      65.77070554097493,
      97.09278742472331,
      101.2266476949056,
      70.24733225504558,
      103.93293698628743,
      75.13244946797688,
      118.92859141031902,
      100.07969538370769,
      66.85662269592285,
      103.01518440246582,
      107.45525360107422,
      70.86730003356934,
      103.70318094889323,
      84.31228001912434,
      117.39238103230794,
      95.39143244425456,
      92.10777282714844,
      116.32259686787923,
      111.33170127868652,
      67.14065869649251,
      104.34309641520183,
      83.77504348754883,
      135.93816757202148,
      111.30181948343913,
      71.66639963785808,
      106.75621032714844,
      119.08698081970215,
      71.30002975463867,
      107.15905825297038,
      93.56776873270671,
      124.87928072611491,
      106.81994756062825,
      70.57499885559082,
      113.0836804707845,
      103.47175598144531,
      69.7480042775472,
      106.92612330118816,
      87.88259824117024,
      130.04700342814127,
      108.38071505228679,
      71.97292645772298,
      113.33735783894856,
      113.93253008524577,
      78.64793141682942,
      117.28851000467937,
      94.59877014160156,
      132.6300303141276,
      99.51996803283691,
      65.11831283569336,
      98.56565793355306,
      96.17773691813152,
      60.71289380391439,
      97.11027145385742,
      71.28540674845378,
      116.90028508504231,
      101.8369992574056,
      67.01946258544922,
      98.14612070719402,
      99.48166211446126,
      64.00998433430989,
      96.39787673950195,
      77.77190208435059,
      117.83281962076823,
      100.65221786499023,
      64.14834658304851,
      102.25073496500652,
      93.53224436442058,
      72.03245162963867,
      100.31366348266602,
      74.16335741678874,
      130.38714726765951,
      96.90173467000325
    ],