{
  "params": {
    "model": "mlx-community/Qwen3-0.6B-4bit",
    "alpha": 143.89094148417954,
    "gamma": -5.2465253627599555,
    "B0": 3,
    "B_min": 1,
    "B_max": 8,
    "L_target": 250.0,
    "dt": 1.0,
    "controller": {
      "K_il": 0.0008465533957797246,
      "z_cl": 0.9048374180359595,
      "tau_cl": 10.0,
      "beta_eff": 112.4117893076198,
      "B0": 3,
      "B_min": 1,
      "B_max": 8,
      "xi_min": -2362.5207931011655,
      "xi_max": 5906.301982752914
    },
    "spike_on": 30,
    "spike_off": 60
  },
  "log": {
    "tick": [
      1,
      2,
      3,
      4,
      5,
      6,
      7,
      8,
      9,
      10,
      11,
      12,
      13,
      14,
      15,
      16,
      17,
      18,
      19,
      20,
      21,
      22,
      23,
      24,
      25,
      26,
      27,
      28,
      29,
      30,
      31,
      32,
      33,
      34,
      35,
      36,
      37,
      38,
      39,
      40,
      41,
      42,
      43,
      44,
      45,
      46,
      47,
      48,
      49,
      50,
      51,
      52,
      53,
      54,
      55,
      56,
      57,
      58,
      59,
      60,
      61,
      62,
      63,
      64,
      65,
      66,
      67,
      68,
      69,
      70,
      71,
      72,
      73,
      74,
      75,
      76,
      77,
      78,
      79,
      80,
      81,
      82,
      83,
      84,
      85,
      86,
      87,
      88,
      89,
      90
    ],
    "lam": [
      3.0,
      3.0,
      3.0,
      3.0,
      3.0,
      3.0,
      3.0,
      3.0,
      3.0,
      3.0,
      3.0,
      3.0,
      3.0,
      3.0,
      3.0,
      3.0,
      3.0,
      3.0,
      3.0,
      3.0,
      3.0,
      3.0,
      3.0,
      3.0,
      3.0,
      3.0,
      3.0,
      3.0,
      3.0,
      3.0,
      9.0,
      9.0,
      9.0,
      9.0,
      9.0,
      9.0,
      9.0,
      9.0,
      9.0,
      9.0,
      9.0,
      9.0,
      9.0,
      9.0,
      9.0,
      9.0,
      9.0,
      9.0,
      9.0,
      9.0,
      9.0,
      9.0,
      9.0,
      9.0,
      9.0,
      9.0,
      9.0,
      9.0,
      9.0,
      9.0,
      3.0,
      3.0,
      3.0,
      3.0,
      3.0,
      3.0,
      3.0,
      3.0,
      3.0,
      3.0,
      3.0,
      3.0,
      3.0,
      3.0,
      3.0,
      3.0,
      3.0,
      3.0,
      3.0,
      3.0,
      3.0,
      3.0,
      3.0,
      3.0,
      3.0,
      3.0,
      3.0,
      3.0,
      3.0,
      3.0
    ],
    "B": [
      3,
      3,
      3,
      3,
      3,
      3,
      3,
      3,
      3,
      3,
      3,
      3,
      4,
      4,
      4,
      4,
      4,
      4,
      4,
      4,
      4,
      5,
      5,
      5,
      5,
      5,
      5,
      5,
      5,
      5,
      5,
      5,
      5,
      5,
      6,
      6,
      6,
      6,
      6,
      6,
      6,
      6,
      6,
      6,
      6,
      6,
      6,
      6,
      6,
      6,
      7,
      7,
      7,
      7,
      7,
      7,
      7,
      7,
      7,
      7,
      7,
      7,
      7,
      7,
      7,
      7,
      7,
      7,
      8,
      8,
      8,
      8,
      8,
      8,
      8,
      8,
      8,
      8,
      8,
      8,
      8,
      8,
      8,
      8,
      8,
      8,
      8,
      8,
      8,
      8
    ],
    "l_raw": [
      469.0463329510142,
      461.75257364908856,
      103.37313016255696,
      110.16631126403809,
      100.1276175181071,
      109.3885103861491,
      101.80226961771648,
      100.91789563496907,
      102.23921140034993,
      100.74138641357422,
      96.87058130900066,
      99.74559148152669,
      105.0874392191569,
      128.87680530548096,
      135.68246364593506,
      132.19881057739258,
      150.05862712860107,
      131.17706775665283,
      139.88149166107178,
      135.21814346313477,
      137.53247261047363,
      146.37142419815063,
      151.93634033203125,
      171.87743186950684,
      153.5407543182373,
      159.1118335723877,
      251.3545513153076,
      170.53451538085938,
      154.0243148803711,
      163.08608055114746,
      164.79082107543945,
      155.9864044189453,
      168.58267784118652,
      159.98883247375488,
      165.82393646240234,
      186.60775820414224,
      184.59745248158774,
      175.06893475850424,
      169.50567563374838,
      175.75295766194662,
      176.28641923268637,
      171.6827154159546,
      200.01045862833658,
      176.09639962514242,
      175.20411809285483,
      175.0128666559855,
      174.342672030131,
      178.6817709604899,
      170.1584259668986,
      173.74980449676514,
      173.09395472208658,
      174.92032051086426,
      210.63481058393205,
      198.23152678353446,
      197.9259763445173,
      197.80325889587402,
      202.50742776053292,
      201.48658752441406,
      179.96644973754883,
      179.20419148036413,
      182.7378273010254,
      199.932404926845,
      182.4840818132673,
      181.41191346304757,
      177.9538903917585,
      199.6609824044364,
      181.83796746390206,
      177.68846239362443,
      179.65974126543318,
      336.45179867744446,
      203.10768485069275,
      205.5913209915161,
      219.36839818954468,
      216.31845831871033,
      195.7882046699524,
      209.07723903656006,
      210.17321944236755,
      216.15368127822876,
      211.28559112548828,
      205.61212301254272,
      213.61947059631348,
      213.94622325897217,
      202.6156485080719,
      219.6321189403534,
      223.90049695968628,
      235.21974682807922,
      209.14053916931152,
      224.8232364654541,
      208.96419882774353,
      208.77769589424133
    ],
    "l_smooth": [
      286.50772215850236,
      321.7998177666838,
      297.36200612710996,
      274.056391337783,
      249.07766092413416,
      225.642412655159,
      164.43506876627606,
      104.29595576392279,
      104.10696930355496,
      102.53614849514432,
      101.9933091269599,
      100.38615597618951,
      100.93368424309625,
      105.59350252151489,
      111.16737789577908,
      116.41028192308214,
      125.27495622634888,
      130.51353560553656,
      136.3125443458557,
      137.369434038798,
      137.6777688662211,
      140.03987113634744,
      140.35282333691916,
      147.13621735572815,
      149.4127611319224,
      153.39504281679788,
      172.36538926760355,
      176.39257113138834,
      176.74056688944498,
      175.27534166971842,
      177.15035279591876,
      176.62944793701172,
      162.83413569132486,
      161.07652187347412,
      163.04312547047934,
      166.9634050793118,
      170.26451031366983,
      173.44493203692966,
      173.59876500235663,
      176.2261192003886,
      177.96986632876926,
      175.48235919740466,
      178.05119355519614,
      178.22243769963583,
      179.1721781094869,
      179.04882960849338,
      178.72487174140082,
      179.89138099882337,
      174.91604222191705,
      174.52494303385416,
      174.17324913872613,
      174.1578247812059,
      180.20651454017275,
      183.46480717734684,
      188.09273224028328,
      192.10164130680144,
      197.00388681320916,
      201.43159798213412,
      196.32020450773695,
      193.14898195720855,
      190.61762378329323,
      190.97248145512174,
      187.63525713057746,
      184.2894781203497,
      183.95405156271798,
      187.36351671673003,
      187.21354007720947,
      183.5062163216727,
      183.0354928970337,
      208.87547376609984,
      213.06777284258888,
      214.05616260710218,
      220.31123439470926,
      226.74956704889024,
      229.43764428297678,
      208.20855100949606,
      209.38614010810852,
      211.1465334892273,
      209.79939897855124,
      208.01500976085663,
      210.98688741525015,
      211.79838478565216,
      210.53878962993622,
      211.11852924029031,
      213.22101354599,
      218.15561751524606,
      217.40912894407907,
      219.22196447849274,
      220.28005619843802,
      218.47098569075266
    ],