{
  "model": "mlx-community/Qwen3-0.6B-4bit",
  "alpha": 143.89094148417954,
  "gamma": -5.2465253627599555,
  "beta": 297.90484003313975,
  "B0": 3,
  "q0": 0,
  "B_min": 1,
  "B_max": 8,
  "q_max": 8,
  "lambda_mean": 3,
  "L_target": 800.0,
  "dt": 1.0,
  "l_gen": 700.0,
  "inner": {
    "K_q": -0.6769380297135772,
    "K_i": 0.11153623822065545,
    "xi_min": -44.828479781686305,
    "xi_max": 17.93139191267452,
    "poles_cl": [
      0.606530659712633,
      0.7165313105737898
    ],
    "B0": 3,
    "q0": 0,
    "B_min": 1,
    "B_max": 8
  },
  "outer": {
    "K_il": -0.0001637119272512008,
    "z_cl": 0.951229424500714,
    "tau_out": 20.0,
    "L_target": 800.0,
    "q0": 0,
    "q_max": 8,
    "xi_min": -48866.32351303727,
    "xi_max": -0.0
  }
}