{
  "model": "mlx-community/Qwen3-0.6B-4bit",
  "alpha": 143.89094148417954,
  "gamma": -5.2465253627599555,
  "B0": 3,
  "B_min": 1,
  "B_max": 8,
  "L_target": 250.0,
  "dt": 1.0,
  "controller": {
    "K_il": 0.0008465533957797246,
    "z_cl": 0.9048374180359595,
    "tau_cl": 10.0,
    "beta_eff": 112.4117893076198,
    "B0": 3,
    "B_min": 1,
    "B_max": 8,
    "xi_min": -2362.5207931011655,
    "xi_max": 5906.301982752914
  }
}