{
  "model": "mlx-community/Qwen3-0.6B-4bit",
  "alpha": 34.1495785099823,
  "gamma": -1.3598218547628276,
  "beta_q": 333.3333333333333,
  "beta_eff": 25.99064738140533,
  "B0": 3,
  "q0": 0,
  "B_min": 1,
  "B_max": 8,
  "q_max": 30,
  "L_target": 150.0,
  "dt": 1.0,
  "inner": {
    "K_q": 0.6769380297135772,
    "K_i": 0.11153623822065545,
    "xi_q_min": -44.828479781686305,
    "xi_q_max": 17.93139191267452,
    "poles_cl": [
      0.606530659712633,
      0.7165313105737898
    ],
    "B0": 3,
    "B_min": 1,
    "B_max": 8
  },
  "outer": {
    "K_il": -0.00014631172649785795,
    "z_out": 0.951229424500714,
    "tau_out": 20.0,
    "beta_q": 333.3333333333333,
    "q0": 0,
    "q_max": 30,
    "xi_l_min": -205041.6649306589,
    "xi_l_max": -0.0
  },
  "latency_definition": "l_total = t_first_token - t_enqueue",
  "plant_model": "l_total(B,q) = alpha*B + gamma*B^2 + (q/B)*dt*1000"
}