{
  "model": "mlx-community/Qwen3-0.6B-4bit",
  "alpha": 143.89094148417954,
  "gamma": -5.2465253627599555,
  "B0": 3,
  "B_min": 1,
  "B_max": 8,
  "L_target": 150.0,
  "dt": 1.0,
  "controller": {
    "K_il": 0.0010452915849764846,
    "z_cl": 0.8824969025845955,
    "tau_cl": 8.0,
    "beta_eff": 112.4117893076198,
    "B0": 3,
    "B_min": 1,
    "B_max": 8,
    "xi_min": -1913.3417208605892,
    "xi_max": 4783.354302151473
  }
}