{
  "model": "mlx-community/Qwen3-0.6B-4bit",
  "alpha": 143.89094148417954,
  "gamma": -5.2465253627599555,
  "B0": 3,
  "B_min": 1,
  "B_max": 8,
  "L_target": 300.0,
  "dt": 1.0,
  "controller": {
    "K_il": 0.001612546584646624,
    "z_cl": 0.8187307530779818,
    "tau_cl": 5.0,
    "beta_eff": 112.4117893076198,
    "B0": 3,
    "B_min": 1,
    "B_max": 8,
    "xi_min": -1240.2742463643513,
    "xi_max": 3100.685615910878
  }
}