{
  "model": "mlx-community/Qwen3-0.6B-4bit",
  "timestamp": "2026-03-22T18:51:06.121555",
  "alpha": 143.89094148417954,
  "gamma": -5.2465253627599555,
  "beta": null,
  "r2_stage2": 0.9327182452153848,
  "stage2": {
    "alpha": 143.89094148417954,
    "gamma": -5.2465253627599555,
    "r2": 0.9327182452153848,
    "b_sweep": [
      1,
      2,
      3,
      4,
      5,
      6,
      8
    ],
    "l_mean": [
      219.31849149987102,
      243.80317500326782,
      303.51893055873614,
      561.1554750707,
      545.0154615938663,
      712.9527418718984,
      804.7824958339334
    ],
    "l_std": [
      74.44564637879064,
      46.04539161073547,
      25.273244034585556,
      112.29696602786517,
      59.24402169463152,
      135.23701128688842,
      146.03224319578692
    ]
  },
  "stage3": {},
  "stage4": {}
}