{
  "model": "mlx-community/Qwen3-0.6B-4bit",
  "timestamp": "2026-03-22T20:17:08.727468",
  "alpha": 34.1495785099823,
  "gamma": -1.3598218547628276,
  "beta_eff": 25.99064738140533,
  "beta": null,
  "r2_stage2": 0.948702970814966,
  "B0": 3,
  "ttft_at_B0": 90.21033883708145,
  "note": "beta=null: the software FIFO queue (q_sw) does not directly affect TTFT of dispatched requests. beta_eff = d(TTFT)/dB at B0 is the correct gain for the outer loop of the cascade controller.",
  "stage2": {
    "alpha": 34.1495785099823,
    "gamma": -1.3598218547628276,
    "r2": 0.948702970814966,
    "beta_eff": 25.99064738140533,
    "ttft_at_B0": 90.21033883708145,
    "B0": 3,
    "b_sweep": [
      1,
      2,
      3,
      4,
      5,
      6,
      8
    ],
    "l_mean": [
      51.91349135711789,
      50.61117513105273,
      79.51379163811603,
      116.7141665588133,
      150.78247664496303,
      150.37275150728723,
      185.3239583026152
    ],
    "l_std": [
      19.879042062916415,
      3.0054302777983093,
      4.57993809947123,
      1.878683619153681,
      25.242031482388565,
      8.843777765379045,
      3.118721368775642
    ]
  }
}